{
  "students": [
    {
      "id": 1,
      "student_name": "stude",
      "roll_number": 123,
      "father_name": "fathe",
      "cnic": "1234",
      "D_O_B": "1-2-5",
      "email": "asd@a.com",
      "password": "1234",
      "phone_number": "098764322",
      "course": "13"
    },
    {
      "id": 2,
      "student_name": "gisek57794",
      "father_name": "eas",
      "roll_number": "312",
      "D_O_B": "12-12-2323",
      "cnic": "42401-8125883-5",
      "phone_number": "1970-2584068",
      "email": "gisek57794@cristout.com",
      "password": "1234",
      "course": "sd",
      "deleted_at": null
    }
  ]
}